INSERT INTO BPD_MOBILE.BLOB_TYPE_CATEGORY (BLOB_TYPE_CATEGORY_ID,BLOB_TYPE_CATEGORY,CREATOR_ID) VALUES (1,'SMT','DIRSKAH');
COMMIT;
INSERT INTO BPD_MOBILE.BLOB_TYPE_CATEGORY (BLOB_TYPE_CATEGORY_ID,BLOB_TYPE_CATEGORY,CREATOR_ID) VALUES (2,'PHOTO','DIRSKAH');
COMMIT;
INSERT INTO BPD_MOBILE.BLOB_TYPE_CATEGORY (BLOB_TYPE_CATEGORY_ID,BLOB_TYPE_CATEGORY,CREATOR_ID) VALUES (3,'DOCUMENT','DIRSKAH');
COMMIT;
INSERT INTO BPD_MOBILE.BLOB_TYPE_CATEGORY (BLOB_TYPE_CATEGORY_ID,BLOB_TYPE_CATEGORY,CREATOR_ID) VALUES (4,'AUDIO','M275');
COMMIT;
INSERT INTO BPD_MOBILE.BLOB_TYPE_CATEGORY (BLOB_TYPE_CATEGORY_ID,BLOB_TYPE_CATEGORY,CREATOR_ID) VALUES (5,'VIDEO','M275');
COMMIT;

INSERT INTO BPD_MOBILE.BLOB_TYPE (BLOB_TYPE,BLOB_TYPE_CATEGORY_ID,CREATOR_ID) VALUES ('ARTIFICIAL',1,'DIRSKAH');
COMMIT;
INSERT INTO BPD_MOBILE.BLOB_TYPE (BLOB_TYPE,BLOB_TYPE_CATEGORY_ID,CREATOR_ID) VALUES ('DEAFNESS',1,'DIRSKAH');
COMMIT;
INSERT INTO BPD_MOBILE.BLOB_TYPE (BLOB_TYPE,BLOB_TYPE_CATEGORY_ID,CREATOR_ID) VALUES ('DEFORMITIES',1,'DIRSKAH');
COMMIT;
INSERT INTO BPD_MOBILE.BLOB_TYPE (BLOB_TYPE,BLOB_TYPE_CATEGORY_ID,CREATOR_ID) VALUES ('DRUGS OF ABUSE',1,'DIRSKAH');
COMMIT;
INSERT INTO BPD_MOBILE.BLOB_TYPE (BLOB_TYPE,BLOB_TYPE_CATEGORY_ID,CREATOR_ID) VALUES ('EYE DISORDERS',1,'DIRSKAH');
COMMIT;
INSERT INTO BPD_MOBILE.BLOB_TYPE (BLOB_TYPE,BLOB_TYPE_CATEGORY_ID,CREATOR_ID) VALUES ('FRACTURED BONES',1,'DIRSKAH');
COMMIT;
INSERT INTO BPD_MOBILE.BLOB_TYPE (BLOB_TYPE,BLOB_TYPE_CATEGORY_ID,CREATOR_ID) VALUES ('HEALED FRACTURED BONES',1,'DIRSKAH');
COMMIT;
INSERT INTO BPD_MOBILE.BLOB_TYPE (BLOB_TYPE,BLOB_TYPE_CATEGORY_ID,CREATOR_ID) VALUES ('MEDICAL CONDITIONS',1,'DIRSKAH');
COMMIT;
INSERT INTO BPD_MOBILE.BLOB_TYPE (BLOB_TYPE,BLOB_TYPE_CATEGORY_ID,CREATOR_ID) VALUES ('MEDICAL DEVICES',1,'DIRSKAH');
COMMIT;
INSERT INTO BPD_MOBILE.BLOB_TYPE (BLOB_TYPE,BLOB_TYPE_CATEGORY_ID,CREATOR_ID) VALUES ('MISSING BODY PARTS',1,'DIRSKAH');
COMMIT;
INSERT INTO BPD_MOBILE.BLOB_TYPE (BLOB_TYPE,BLOB_TYPE_CATEGORY_ID,CREATOR_ID) VALUES ('MOLES',1,'DIRSKAH');
COMMIT;
INSERT INTO BPD_MOBILE.BLOB_TYPE (BLOB_TYPE,BLOB_TYPE_CATEGORY_ID,CREATOR_ID) VALUES ('NEEDLE MARKS',1,'DIRSKAH');
COMMIT;
INSERT INTO BPD_MOBILE.BLOB_TYPE (BLOB_TYPE,BLOB_TYPE_CATEGORY_ID,CREATOR_ID) VALUES ('OTHER PHYSICALCHARACTERISTICS',1,'DIRSKAH');
COMMIT;
INSERT INTO BPD_MOBILE.BLOB_TYPE (BLOB_TYPE,BLOB_TYPE_CATEGORY_ID,CREATOR_ID) VALUES ('REMOVED TATTOOS',1,'DIRSKAH');
COMMIT;
INSERT INTO BPD_MOBILE.BLOB_TYPE (BLOB_TYPE,BLOB_TYPE_CATEGORY_ID,CREATOR_ID) VALUES ('SCARS',1,'DIRSKAH');
COMMIT;
INSERT INTO BPD_MOBILE.BLOB_TYPE (BLOB_TYPE,BLOB_TYPE_CATEGORY_ID,CREATOR_ID) VALUES ('SKIN DISCOLORATIONS',1,'DIRSKAH');
COMMIT;
INSERT INTO BPD_MOBILE.BLOB_TYPE (BLOB_TYPE,BLOB_TYPE_CATEGORY_ID,CREATOR_ID) VALUES ('TATTOOS',1,'DIRSKAH');
COMMIT;
INSERT INTO BPD_MOBILE.BLOB_TYPE (BLOB_TYPE,BLOB_TYPE_CATEGORY_ID,CREATOR_ID) VALUES ('THERAPEUTIC DRUGS',1,'DIRSKAH');
COMMIT;
INSERT INTO BPD_MOBILE.BLOB_TYPE (BLOB_TYPE,BLOB_TYPE_CATEGORY_ID,CREATOR_ID) VALUES ('MUGSHOT FRONT',2,'DIRSKAH');
COMMIT;
INSERT INTO BPD_MOBILE.BLOB_TYPE (BLOB_TYPE,BLOB_TYPE_CATEGORY_ID,CREATOR_ID) VALUES ('MUGSHOT PROFILE',2,'DIRSKAH');
COMMIT;
INSERT INTO BPD_MOBILE.BLOB_TYPE (BLOB_TYPE,BLOB_TYPE_CATEGORY_ID,CREATOR_ID) VALUES ('PHOTO DISPLAYING SIGNS / CLOTHING',2,'DIRSKAH');
COMMIT;
INSERT INTO BPD_MOBILE.BLOB_TYPE (BLOB_TYPE,BLOB_TYPE_CATEGORY_ID,CREATOR_ID) VALUES ('GROUP PHOTO DISPLAYING ASSOCIATIONS',2,'DIRSKAH');
COMMIT;
INSERT INTO BPD_MOBILE.BLOB_TYPE (BLOB_TYPE,BLOB_TYPE_CATEGORY_ID,CREATOR_ID) VALUES ('RESIDENCE PHOTO',2,'DIRSKAH');
COMMIT;
INSERT INTO BPD_MOBILE.BLOB_TYPE (BLOB_TYPE,BLOB_TYPE_CATEGORY_ID,CREATOR_ID) VALUES ('VEHICLE PHOTO',2,'DIRSKAH');
COMMIT;
INSERT INTO BPD_MOBILE.BLOB_TYPE (BLOB_TYPE,BLOB_TYPE_CATEGORY_ID,CREATOR_ID) VALUES ('WEAPONS PHOTO',2,'DIRSKAH');
COMMIT;
INSERT INTO BPD_MOBILE.BLOB_TYPE (BLOB_TYPE,BLOB_TYPE_CATEGORY_ID,CREATOR_ID) VALUES ('GRAFFITTI TAG PHOTO',2,'DIRSKAH');
COMMIT;
INSERT INTO BPD_MOBILE.BLOB_TYPE (BLOB_TYPE,BLOB_TYPE_CATEGORY_ID,CREATOR_ID) VALUES ('CRIME SCENE PHOTO',2,'DIRSKAH');
COMMIT;
INSERT INTO BPD_MOBILE.BLOB_TYPE (BLOB_TYPE,BLOB_TYPE_CATEGORY_ID,CREATOR_ID) VALUES ('SURVEILLENCE PHOTO',2,'DIRSKAH');
COMMIT;
INSERT INTO BPD_MOBILE.BLOB_TYPE (BLOB_TYPE,BLOB_TYPE_CATEGORY_ID,CREATOR_ID) VALUES ('OTHER PHOTO',2,'DIRSKAH');
COMMIT;
INSERT INTO BPD_MOBILE.BLOB_TYPE (BLOB_TYPE,BLOB_TYPE_CATEGORY_ID,CREATOR_ID) VALUES ('BIRTH CERTIFICATE',3,'DIRSKAH');
COMMIT;
INSERT INTO BPD_MOBILE.BLOB_TYPE (BLOB_TYPE,BLOB_TYPE_CATEGORY_ID,CREATOR_ID) VALUES ('OTHER IDENTIFICATION DOCUMENT',3,'DIRSKAH');
COMMIT;
INSERT INTO BPD_MOBILE.BLOB_TYPE (BLOB_TYPE,BLOB_TYPE_CATEGORY_ID,CREATOR_ID) VALUES ('RECEIPT',3,'DIRSKAH');
COMMIT;
INSERT INTO BPD_MOBILE.BLOB_TYPE (BLOB_TYPE,BLOB_TYPE_CATEGORY_ID,CREATOR_ID) VALUES ('OTHER TRANSACTIONAL DOCUMENT',3,'DIRSKAH');
COMMIT;
INSERT INTO BPD_MOBILE.BLOB_TYPE (BLOB_TYPE,BLOB_TYPE_CATEGORY_ID,CREATOR_ID) VALUES ('CHECK',3,'DIRSKAH');
COMMIT;
INSERT INTO BPD_MOBILE.BLOB_TYPE (BLOB_TYPE,BLOB_TYPE_CATEGORY_ID,CREATOR_ID) VALUES ('OTHER SECURITIES DOCUMENT',3,'DIRSKAH');
COMMIT;
INSERT INTO BPD_MOBILE.BLOB_TYPE (BLOB_TYPE,BLOB_TYPE_CATEGORY_ID,CREATOR_ID) VALUES ('TAX FORMS',3,'DIRSKAH');
COMMIT;
INSERT INTO BPD_MOBILE.BLOB_TYPE (BLOB_TYPE,BLOB_TYPE_CATEGORY_ID,CREATOR_ID) VALUES ('OTHER GOVERNMENT DOCUMENT',3,'DIRSKAH');
COMMIT;
INSERT INTO BPD_MOBILE.BLOB_TYPE (BLOB_TYPE,BLOB_TYPE_CATEGORY_ID,CREATOR_ID) VALUES ('PUBLICATION',3,'DIRSKAH');
COMMIT;
INSERT INTO BPD_MOBILE.BLOB_TYPE (BLOB_TYPE,BLOB_TYPE_CATEGORY_ID,CREATOR_ID) VALUES ('MANUAL',3,'DIRSKAH');
COMMIT;
INSERT INTO BPD_MOBILE.BLOB_TYPE (BLOB_TYPE,BLOB_TYPE_CATEGORY_ID,CREATOR_ID) VALUES ('LETTER / NOTE',3,'DIRSKAH');
COMMIT;
INSERT INTO BPD_MOBILE.BLOB_TYPE (BLOB_TYPE,BLOB_TYPE_CATEGORY_ID,CREATOR_ID) VALUES ('POLICE REPORT',3,'DIRSKAH');
COMMIT;
INSERT INTO BPD_MOBILE.BLOB_TYPE (BLOB_TYPE,BLOB_TYPE_CATEGORY_ID,CREATOR_ID) VALUES ('PHONE BOOK',3,'DIRSKAH');
COMMIT;
INSERT INTO BPD_MOBILE.BLOB_TYPE (BLOB_TYPE,BLOB_TYPE_CATEGORY_ID,CREATOR_ID) VALUES ('SCHEDULE',3,'DIRSKAH');
COMMIT;
INSERT INTO BPD_MOBILE.BLOB_TYPE (BLOB_TYPE,BLOB_TYPE_CATEGORY_ID,CREATOR_ID) VALUES ('OTHER DOCUMENT',3,'DIRSKAH');
COMMIT;
INSERT INTO BPD_MOBILE.BLOB_TYPE (BLOB_TYPE,BLOB_TYPE_CATEGORY_ID,CREATOR_ID) VALUES ('ASSOCIATE PHOTO',2,'DIRSKAH');
COMMIT;
INSERT INTO BPD_MOBILE.BLOB_TYPE (BLOB_TYPE,BLOB_TYPE_CATEGORY_ID,CREATOR_ID) VALUES ('BOLO FLYER',3,'COOPERJ');
COMMIT;
INSERT INTO BPD_MOBILE.BLOB_TYPE (BLOB_TYPE,BLOB_TYPE_CATEGORY_ID,CREATOR_ID) VALUES ('SARS PHOTO',2,'M275');
COMMIT;
INSERT INTO BPD_MOBILE.BLOB_TYPE (BLOB_TYPE,BLOB_TYPE_CATEGORY_ID,CREATOR_ID) VALUES ('SARS DOCUMENT',3,'M275');
COMMIT;
INSERT INTO BPD_MOBILE.BLOB_TYPE (BLOB_TYPE,BLOB_TYPE_CATEGORY_ID,CREATOR_ID) VALUES ('SARS AUDIO',4,'M275');
COMMIT;
INSERT INTO BPD_MOBILE.BLOB_TYPE (BLOB_TYPE,BLOB_TYPE_CATEGORY_ID,CREATOR_ID) VALUES ('SARS VIDEO',5,'M275');
COMMIT;
INSERT INTO BPD_MOBILE.BLOB_TYPE (BLOB_TYPE,BLOB_TYPE_CATEGORY_ID,CREATOR_ID) VALUES ('CHAT PHOTO',2,'M275');
COMMIT;
INSERT INTO BPD_MOBILE.BLOB_TYPE (BLOB_TYPE,BLOB_TYPE_CATEGORY_ID,CREATOR_ID) VALUES ('CHAT DOCUMENT',3,'M275');
COMMIT;
INSERT INTO BPD_MOBILE.BLOB_TYPE (BLOB_TYPE,BLOB_TYPE_CATEGORY_ID,CREATOR_ID) VALUES ('CHAT AUDIO',4,'M275');
COMMIT;
INSERT INTO BPD_MOBILE.BLOB_TYPE (BLOB_TYPE,BLOB_TYPE_CATEGORY_ID,CREATOR_ID) VALUES ('CHAT VIDEO',5,'M275');
COMMIT;
INSERT INTO BPD_MOBILE.USER_STATUS (STATUS, STATUS_DESC) VALUES ('Active', 'Active');
COMMIT;
INSERT INTO BPD_MOBILE.USER_STATUS (STATUS, STATUS_DESC) VALUES ('Inactive', 'Inactive');
COMMIT;
INSERT INTO BPD_MOBILE.MESSAGE_TYPES (MESSAGE_TYPE, MESSAGE_TYPE_DESC) VALUES ('GI', 'General Interactive');
COMMIT;
INSERT INTO BPD_MOBILE.MESSAGE_TYPES (MESSAGE_TYPE, MESSAGE_TYPE_DESC) VALUES ('FI', 'Field Intelligence');
COMMIT;
INSERT INTO BPD_MOBILE.DEVICE_STATUS (STATUS, STATUS_DESC) VALUES ('Active', 'Active');
COMMIT;
INSERT INTO BPD_MOBILE.DEVICE_STATUS (STATUS, STATUS_DESC) VALUES ('Inactive', 'Inactive');
COMMIT;
INSERT INTO BPD_MOBILE.DEVICE_STATUS (STATUS, STATUS_DESC) VALUES ('Lost', 'Lost');
COMMIT;
INSERT INTO BPD_MOBILE.DEVICE_STATUS (STATUS, STATUS_DESC) VALUES ('Stolen', 'Stolen');
COMMIT;
INSERT INTO BPD_MOBILE.DEVICE_TYPE (TYPE, TYPE_DESC) VALUES ('Phone', 'Phone');
COMMIT;
INSERT INTO BPD_MOBILE.DEVICE_TYPE (TYPE, TYPE_DESC) VALUES ('Tablet', 'Tablet');
COMMIT;
INSERT INTO BPD_MOBILE.DEVICE_TYPE (TYPE, TYPE_DESC) VALUES ('iPad', 'iPad');
COMMIT;
INSERT INTO BPD_MOBILE.SUBSCRIPTION_LOCATION_TYPES (SUBSCRIPTION_LOC_TYPE, SUBSCRIPTION_LOC_TYPE_DESC) VALUES ('District', 'District');
COMMIT;
INSERT INTO BPD_MOBILE.SUBSCRIPTION_LOCATION_TYPES (SUBSCRIPTION_LOC_TYPE, SUBSCRIPTION_LOC_TYPE_DESC) VALUES ('CI', 'Citywide Investigation');
COMMIT;
INSERT INTO BPD_MOBILE.SUBSCRIPTION_LOCATION_TYPES (SUBSCRIPTION_LOC_TYPE, SUBSCRIPTION_LOC_TYPE_DESC) VALUES ('SI Section', 'Special Investigation Section');
COMMIT;
INSERT INTO BPD_MOBILE.SUBSCRIPTION_LOCATION_TYPES (SUBSCRIPTION_LOC_TYPE, SUBSCRIPTION_LOC_TYPE_DESC) VALUES ('WATF', 'WATF');
COMMIT;
INSERT INTO BPD_MOBILE.SUBSCRIPTION_LOCATION_TYPES (SUBSCRIPTION_LOC_TYPE, SUBSCRIPTION_LOC_TYPE_DESC) VALUES ('OI', 'Operational Investigation');
COMMIT;
INSERT INTO BPD_MOBILE.SUBSCRIPTION_LOCATION_TYPES (SUBSCRIPTION_LOC_TYPE, SUBSCRIPTION_LOC_TYPE_DESC) VALUES ('SO', 'Special Operations');
COMMIT;
INSERT INTO BPD_MOBILE.SUBSCRIPTION_LOCATION_TYPES (SUBSCRIPTION_LOC_TYPE, SUBSCRIPTION_LOC_TYPE_DESC) VALUES ('Watch Center', 'Watch Center');
COMMIT;
INSERT INTO BPD_MOBILE.APP_USERS (FIRST_NAME, MIDDLE_NAME, LAST_NAME, USER_STATUS_ID, BPD_USER_ID) VALUES ('Ashley','NMN','Kukuselis',1, 'KUKUSELISA');
COMMIT;
INSERT INTO BPD_MOBILE.APP_USERS (FIRST_NAME, MIDDLE_NAME, LAST_NAME, USER_STATUS_ID, BPD_USER_ID) VALUES ('Benjamin','NMN','Flores',1, 'FLORESB');
COMMIT;
INSERT INTO BPD_MOBILE.APP_USERS (FIRST_NAME, MIDDLE_NAME, LAST_NAME, USER_STATUS_ID, BPD_USER_ID) VALUES ('Ignacio','NMN','Garza',1, 'GARZAI');
COMMIT;
INSERT INTO BPD_MOBILE.APP_USERS (FIRST_NAME, MIDDLE_NAME, LAST_NAME, USER_STATUS_ID, BPD_USER_ID) VALUES ('Kevin','NMN','Maynard',1, 'MAYNARDK');
COMMIT;
INSERT INTO BPD_MOBILE.APP_USERS (FIRST_NAME, MIDDLE_NAME, LAST_NAME, USER_STATUS_ID, BPD_USER_ID) VALUES ('Senait','NMN','Mesfin',1, 'MESFINS');
COMMIT;
INSERT INTO BPD_MOBILE.APP_USERS (FIRST_NAME, MIDDLE_NAME, LAST_NAME, USER_STATUS_ID, BPD_USER_ID) VALUES ('Will','NMN','Breeden',1, 'BREEDENW');
COMMIT;
INSERT INTO BPD_MOBILE.APP_USERS (FIRST_NAME, MIDDLE_NAME, LAST_NAME, USER_STATUS_ID, BPD_USER_ID) VALUES ('Henry','NMN','Disrka',1, 'DIRSKAH');
COMMIT;
INSERT INTO BPD_MOBILE.APP_USERS (FIRST_NAME, MIDDLE_NAME, LAST_NAME, USER_STATUS_ID, BPD_USER_ID) VALUES ('Jeffrey','NMN','Cooper',1, 'COOPERJ');
COMMIT;
INSERT INTO BPD_MOBILE.DEVICES (DEVICE_NAME, DEVICE_TYPE_ID, PHONE_NUMBER, MAKE, MODEL, DEVICE_STATUS_ID) VALUES ('Ashley Phone',1,'410-777-2882','Samsung','Galaxy Note 8', 1);
COMMIT;
INSERT INTO BPD_MOBILE.DEVICES (DEVICE_NAME, DEVICE_TYPE_ID, PHONE_NUMBER, MAKE, MODEL, DEVICE_STATUS_ID) VALUES ('Ben Phone',1,'773-892-1882','LG','G6', 1);
COMMIT;
INSERT INTO BPD_MOBILE.DEVICES (DEVICE_NAME, DEVICE_TYPE_ID, PHONE_NUMBER, MAKE, MODEL, DEVICE_STATUS_ID) VALUES ('Ignacio Phone',1,'410-422-1542','Google','Pixel', 1);
COMMIT;
INSERT INTO BPD_MOBILE.DEVICES (DEVICE_NAME, DEVICE_TYPE_ID, PHONE_NUMBER, MAKE, MODEL, DEVICE_STATUS_ID) VALUES ('Kevin Phone',1,'410-987-0453','OnePlus','5', 1);
COMMIT;
INSERT INTO BPD_MOBILE.DEVICES (DEVICE_NAME, DEVICE_TYPE_ID, PHONE_NUMBER, MAKE, MODEL, DEVICE_STATUS_ID) VALUES ('Will Phone',1,'919-222-2772','HTC','U11', 1);
COMMIT;
INSERT INTO BPD_MOBILE.DEVICES (DEVICE_NAME, DEVICE_TYPE_ID, PHONE_NUMBER, MAKE, MODEL, DEVICE_STATUS_ID) VALUES ('Henry Phone',1,'202-102-1882','iPhone','7', 1);
COMMIT;
INSERT INTO BPD_MOBILE.DEVICES (DEVICE_NAME, DEVICE_TYPE_ID, PHONE_NUMBER, MAKE, MODEL, DEVICE_STATUS_ID) VALUES ('Jeffrey Phone',1,'202-278-8791','iPhone','6', 1);
COMMIT;
INSERT INTO BPD_MOBILE.DEVICES (DEVICE_NAME, DEVICE_TYPE_ID, PHONE_NUMBER, MAKE, MODEL, DEVICE_STATUS_ID) VALUES ('Senait Phone',1,'202-455-2132','iPhone','7', 1);
COMMIT;
INSERT INTO BPD_MOBILE.SUBSCRIPTION_LOCATIONS (SUBSCRIPTION_LOCATION_TYPE_ID, SUBSCRIPTION_LOCATION, SUBSCRIPTION_LOC_DESC) VALUES (1, 'Central', 'Central District');
COMMIT;
INSERT INTO BPD_MOBILE.SUBSCRIPTION_LOCATIONS (SUBSCRIPTION_LOCATION_TYPE_ID, SUBSCRIPTION_LOCATION, SUBSCRIPTION_LOC_DESC) VALUES (1, 'Southeastern', 'Southeastern District');
COMMIT;
INSERT INTO BPD_MOBILE.SUBSCRIPTION_LOCATIONS (SUBSCRIPTION_LOCATION_TYPE_ID, SUBSCRIPTION_LOCATION, SUBSCRIPTION_LOC_DESC) VALUES (1, 'Eastern', 'Eastern District');
COMMIT;
INSERT INTO BPD_MOBILE.SUBSCRIPTION_LOCATIONS (SUBSCRIPTION_LOCATION_TYPE_ID, SUBSCRIPTION_LOCATION, SUBSCRIPTION_LOC_DESC) VALUES (1, 'Northeastern', 'Northeastern District');
COMMIT;
INSERT INTO BPD_MOBILE.SUBSCRIPTION_LOCATIONS (SUBSCRIPTION_LOCATION_TYPE_ID, SUBSCRIPTION_LOCATION, SUBSCRIPTION_LOC_DESC) VALUES (1, 'Northern', 'Northern District');
COMMIT;
INSERT INTO BPD_MOBILE.SUBSCRIPTION_LOCATIONS (SUBSCRIPTION_LOCATION_TYPE_ID, SUBSCRIPTION_LOCATION, SUBSCRIPTION_LOC_DESC) VALUES (1, 'Northwestern', 'Northwestern District');
COMMIT;
INSERT INTO BPD_MOBILE.SUBSCRIPTION_LOCATIONS (SUBSCRIPTION_LOCATION_TYPE_ID, SUBSCRIPTION_LOCATION, SUBSCRIPTION_LOC_DESC) VALUES (1, 'Western', 'Western District');
COMMIT;
INSERT INTO BPD_MOBILE.SUBSCRIPTION_LOCATIONS (SUBSCRIPTION_LOCATION_TYPE_ID, SUBSCRIPTION_LOCATION, SUBSCRIPTION_LOC_DESC) VALUES (1, 'Southwestern', 'Southwestern District');
COMMIT;
INSERT INTO BPD_MOBILE.SUBSCRIPTION_LOCATIONS (SUBSCRIPTION_LOCATION_TYPE_ID, SUBSCRIPTION_LOCATION, SUBSCRIPTION_LOC_DESC) VALUES (1, 'Southern', 'Southern District');
COMMIT;
INSERT INTO BPD_MOBILE.SUBSCRIPTION_LOCATIONS (SUBSCRIPTION_LOCATION_TYPE_ID, SUBSCRIPTION_LOCATION, SUBSCRIPTION_LOC_DESC) VALUES (2, 'CI', 'Citywide Investigation');
COMMIT;
INSERT INTO BPD_MOBILE.SUBSCRIPTION_LOCATIONS (SUBSCRIPTION_LOCATION_TYPE_ID, SUBSCRIPTION_LOCATION, SUBSCRIPTION_LOC_DESC) VALUES (3, 'SIS', 'Special Investigation Section');
COMMIT;
INSERT INTO BPD_MOBILE.SUBSCRIPTION_LOCATIONS (SUBSCRIPTION_LOCATION_TYPE_ID, SUBSCRIPTION_LOCATION, SUBSCRIPTION_LOC_DESC) VALUES (4, 'WATF', 'WATF');
COMMIT;
INSERT INTO BPD_MOBILE.SUBSCRIPTION_LOCATIONS (SUBSCRIPTION_LOCATION_TYPE_ID, SUBSCRIPTION_LOCATION, SUBSCRIPTION_LOC_DESC) VALUES (5, 'OI', 'Operational Investigation');
COMMIT;
INSERT INTO BPD_MOBILE.SUBSCRIPTION_LOCATIONS (SUBSCRIPTION_LOCATION_TYPE_ID, SUBSCRIPTION_LOCATION, SUBSCRIPTION_LOC_DESC) VALUES (6, 'SO', 'Special Operations');
COMMIT;
INSERT INTO BPD_MOBILE.SUBSCRIPTION_LOCATIONS (SUBSCRIPTION_LOCATION_TYPE_ID, SUBSCRIPTION_LOCATION, SUBSCRIPTION_LOC_DESC) VALUES (7, 'WC', 'Watch Center');
COMMIT;
INSERT INTO BPD_MOBILE.USER_DEVICES (USER_ID, DEVICE_ID, PRIMARY_SUB_LOCATION_ID, SECONDARY_SUB_LOCATION_ID, SUBSCRIPTION_DATE) VALUES (1, 1, 1, 2, TO_DATE('10/28/2017','MM/DD/YYYY'));
COMMIT;
INSERT INTO BPD_MOBILE.USER_DEVICES (USER_ID, DEVICE_ID, PRIMARY_SUB_LOCATION_ID, SECONDARY_SUB_LOCATION_ID, SUBSCRIPTION_DATE) VALUES (2, 2, 2, 3, TO_DATE('10/28/2017','MM/DD/YYYY'));
COMMIT;
INSERT INTO BPD_MOBILE.USER_DEVICES (USER_ID, DEVICE_ID, PRIMARY_SUB_LOCATION_ID, SECONDARY_SUB_LOCATION_ID, SUBSCRIPTION_DATE) VALUES (3, 3, 1, 10, TO_DATE('10/27/2017','MM/DD/YYYY'));
COMMIT;
INSERT INTO BPD_MOBILE.USER_DEVICES (USER_ID, DEVICE_ID, PRIMARY_SUB_LOCATION_ID, SUBSCRIPTION_DATE) VALUES (4, 4, 12, TO_DATE('10/27/2017','MM/DD/YYYY'));
COMMIT;
INSERT INTO BPD_MOBILE.USER_DEVICES (USER_ID, DEVICE_ID, PRIMARY_SUB_LOCATION_ID, SUBSCRIPTION_DATE) VALUES (5, 8, 14, TO_DATE('10/27/2017','MM/DD/YYYY'));
COMMIT;
INSERT INTO BPD_MOBILE.USER_DEVICES (USER_ID, DEVICE_ID, PRIMARY_SUB_LOCATION_ID, SUBSCRIPTION_DATE) VALUES (6, 5, 11, TO_DATE('10/28/2017','MM/DD/YYYY'));
COMMIT;
INSERT INTO BPD_MOBILE.BPD_APP_MESSAGES (MESSAGE_TYPE_ID, MESSAGE, CREATED_BY, DEVICE_ID, SUBSCRIPTION_LOC_ID) VALUES (1, 'Just a general message...anyone here?',1, 1, 1);
COMMIT;
INSERT INTO BPD_MOBILE.BPD_APP_MESSAGES (MESSAGE_TYPE_ID, MESSAGE, CREATED_BY, DEVICE_ID, SUBSCRIPTION_LOC_ID) VALUES (1, 'Again, is anyone here?',1, 1, 1);
COMMIT;
INSERT INTO BPD_MOBILE.BPD_APP_MESSAGES (MESSAGE_TYPE_ID, MESSAGE, CREATED_BY, DEVICE_ID, SUBSCRIPTION_LOC_ID) VALUES (1, 'Fine...I will talk to myself!',1, 1, 1);
COMMIT;
UPDATE BPD_MOBILE.USER_DEVICES SET SUBSCRIPTION_DATE = TO_DATE('10/28/2017 08:23:25','MM/DD/YYYY HH24:MI:SS') WHERE USER_DEVICE_ID = 1;
COMMIT;
UPDATE BPD_MOBILE.USER_DEVICES SET SUBSCRIPTION_DATE = TO_DATE('10/28/2017 09:23:25','MM/DD/YYYY HH24:MI:SS') WHERE USER_DEVICE_ID = 2;
COMMIT;
UPDATE BPD_MOBILE.USER_DEVICES SET SUBSCRIPTION_DATE = TO_DATE('10/27/2017 19:23:25','MM/DD/YYYY HH24:MI:SS') WHERE USER_DEVICE_ID = 3;
COMMIT;
UPDATE BPD_MOBILE.USER_DEVICES SET SUBSCRIPTION_DATE = TO_DATE('10/27/2017 11:45:25','MM/DD/YYYY HH24:MI:SS') WHERE USER_DEVICE_ID = 4;
COMMIT;
UPDATE BPD_MOBILE.USER_DEVICES SET SUBSCRIPTION_DATE = TO_DATE('10/27/2017 13:30:25','MM/DD/YYYY HH24:MI:SS') WHERE USER_DEVICE_ID = 5;
COMMIT;
UPDATE BPD_MOBILE.USER_DEVICES SET SUBSCRIPTION_DATE = TO_DATE('10/27/2017 12:41:03','MM/DD/YYYY HH24:MI:SS') WHERE USER_DEVICE_ID = 6;
COMMIT;

INSERT INTO BPD_MOBILE.INFORMATION_SOURCE (INFORMATION_SOURCE,CREATOR_ID) VALUES ('FIELD CONTACT - GANG UNIT','DIRSKAH');
COMMIT;
INSERT INTO BPD_MOBILE.INFORMATION_SOURCE (INFORMATION_SOURCE,CREATOR_ID) VALUES ('FIELD CONTACT - OTHER BPD OFFICER','DIRSKAH');
COMMIT;
INSERT INTO BPD_MOBILE.INFORMATION_SOURCE (INFORMATION_SOURCE,CREATOR_ID) VALUES ('MEMBER INTERVIEW','DIRSKAH');
COMMIT;
INSERT INTO BPD_MOBILE.INFORMATION_SOURCE (INFORMATION_SOURCE,CREATOR_ID) VALUES ('WITNESS','DIRSKAH');
COMMIT;
INSERT INTO BPD_MOBILE.INFORMATION_SOURCE (INFORMATION_SOURCE,CREATOR_ID) VALUES ('SURVEILLANCE','DIRSKAH');
COMMIT;
INSERT INTO BPD_MOBILE.INFORMATION_SOURCE (INFORMATION_SOURCE,CREATOR_ID) VALUES ('OUTSIDE LAW ENFORCEMENT','DIRSKAH');
COMMIT;
INSERT INTO BPD_MOBILE.INFORMATION_SOURCE (INFORMATION_SOURCE,CREATOR_ID) VALUES ('ONLINE/DATABASE INVESTIGATION','DIRSKAH');
COMMIT;
INSERT INTO BPD_MOBILE.INFORMATION_SOURCE (INFORMATION_SOURCE,CREATOR_ID) VALUES ('SOCIAL MEDIA','DIRSKAH');
COMMIT;
INSERT INTO BPD_MOBILE.INFORMATION_SOURCE (INFORMATION_SOURCE,CREATOR_ID) VALUES ('SEARCH AND SEIZURE WARRANT','DIRSKAH');
COMMIT;
INSERT INTO BPD_MOBILE.INFORMATION_SOURCE (INFORMATION_SOURCE,CREATOR_ID) VALUES ('VEHICLE SEARCH','DIRSKAH');
COMMIT;
INSERT INTO BPD_MOBILE.INFORMATION_SOURCE (INFORMATION_SOURCE,CREATOR_ID) VALUES ('PERSON SEARCH','DIRSKAH');
COMMIT;
INSERT INTO BPD_MOBILE.INFORMATION_SOURCE (INFORMATION_SOURCE,CREATOR_ID) VALUES ('OTHER GANG MEMBER INTERVIEW','DIRSKAH');
COMMIT;
INSERT INTO BPD_MOBILE.INFORMATION_SOURCE (INFORMATION_SOURCE,CREATOR_ID) VALUES ('OTHER','DIRSKAH');
COMMIT;


